cycle,race,state,seat,election_date,candidate_name,candidate_party,num_polls,last_poll,poll_avg,candidate_name_DEM,candidate_name_REP,dem_incumbent,rep_incumbent,pending
2022,House,New York,District 17,2022-11-08,Sean Patrick Maloney,dem,2,2022-09-08,0.4838061465721038,Maloney,Lawler,y,n,NA
2022,House,New York,District 17,2022-11-08,Michael V. Lawler,rep,2,2022-09-08,0.5161938534278958,Maloney,Lawler,y,n,NA
2022,House,New York,District 19,2022-11-08,Josh Riley,dem,2,2022-09-02,0.5170652876535228,Riley,Molinaro,n,n,NA
2022,House,New York,District 19,2022-11-08,Marcus Molinaro,rep,2,2022-09-02,0.48293471234647695,Riley,Molinaro,n,n,NA
2022,House,New York,District 22,2022-11-08,Francis Conole,dem,1,2022-09-02,0.4819277108433735,Conole,Williams,n,n,NA
2022,House,New York,District 22,2022-11-08,Brandon M. Williams,rep,1,2022-09-02,0.5180722891566265,Conole,Williams,n,n,NA
2022,House,North Carolina,District 13,2022-11-08,Wiley Nickel,dem,4,2022-09-01,0.5000882479006877,Nickel,Hines,n,n,NA
2022,House,North Carolina,District 13,2022-11-08,Bo Hines,rep,4,2022-09-01,0.4999117520993123,Nickel,Hines,n,n,NA
2022,House,Washington,District 3,2022-11-08,Marie Gluesenkamp Perez,dem,1,2022-08-30,0.5108695652173914,Perez,Kent,n,n,NA
2022,House,Washington,District 3,2022-11-08,Joe Kent,rep,1,2022-08-30,0.48913043478260876,Perez,Kent,n,n,NA
2022,House,California,District 27,2022-11-08,Christy Smith,dem,2,2022-08-30,0.5003791708796764,Smith,Garcia,n,y,NA
2022,House,California,District 27,2022-11-08,Mike Garcia,rep,2,2022-08-30,0.4996208291203235,Smith,Garcia,n,y,NA
2022,House,Florida,District 15,2022-11-08,Alan M. Cohn,dem,1,2022-08-29,0.4835164835164836,Cohn,Lee,n,n,NA
2022,House,Florida,District 15,2022-11-08,Laurel Lee,rep,1,2022-08-29,0.5164835164835165,Cohn,Lee,n,n,NA
2022,House,Arizona,District 6,2022-11-08,Kirsten Engel,dem,1,2022-08-21,0.5104166666666666,Engel,Ciscomani,n,n,NA
2022,House,Arizona,District 6,2022-11-08,Juan Ciscomani,rep,1,2022-08-21,0.4895833333333333,Engel,Ciscomani,n,n,NA
2022,House,Michigan,District 10,2022-11-08,Carl J. Marlinga,dem,5,2022-08-21,0.4805438336605006,Marlinga,James,n,n,NA
2022,House,Michigan,District 10,2022-11-08,John James,rep,5,2022-08-21,0.5194561663394999,Marlinga,James,n,n,NA
2022,House,Wisconsin,District 3,2022-11-08,Brad Pfaff,dem,2,2022-08-19,0.44884764839876723,Pfaff,Van Orden,n,n,NA
2022,House,Wisconsin,District 3,2022-11-08,Derrick Van Orden,rep,2,2022-08-19,0.5511523516012328,Pfaff,Van Orden,n,n,NA
2022,House,Oregon,District 6,2022-11-08,Andrea Salinas,dem,4,2022-08-19,0.4680050561218998,Salinas,Erickson,n,n,NA
2022,House,Oregon,District 6,2022-11-08,Mike Erickson,rep,4,2022-08-19,0.5319949438781002,Salinas,Erickson,n,n,NA
2022,House,Arizona,District 1,2022-11-08,Jevin Hodge,dem,1,2022-08-18,0.5,Hodge,Schweikert,n,y,NA
2022,House,Arizona,District 1,2022-11-08,David Schweikert,rep,1,2022-08-18,0.5,Hodge,Schweikert,n,y,NA
2022,House,Oregon,District 5,2022-11-08,Jamie McLeod-Skinner,dem,2,2022-08-18,0.46493666975594683,McLeod-Skinner,Chavez-DeRemer,n,n,NA
2022,House,Oregon,District 5,2022-11-08,Lori Chavez-DeRemer,rep,2,2022-08-18,0.5350633302440531,McLeod-Skinner,Chavez-DeRemer,n,n,NA
2022,House,Tennessee,District 5,2022-11-08,Heidi Campbell,dem,1,2022-08-17,0.5151515151515151,Campbell,Ogles,n,n,NA
2022,House,Tennessee,District 5,2022-11-08,Andy Ogles,rep,1,2022-08-17,0.48484848484848486,Campbell,Ogles,n,n,NA
2022,House,Arizona,District 2,2022-11-08,Tom O'Halleran,dem,1,2022-08-15,0.4943820224719101,O'Halleran,Crane,y,n,NA
2022,House,Arizona,District 2,2022-11-08,Eli Crane,rep,1,2022-08-15,0.5056179775280899,O'Halleran,Crane,y,n,NA
2022,House,Arizona,District 4,2022-11-08,Greg Stanton,dem,1,2022-08-15,0.5411764705882353,Stanton,Cooper,y,n,NA
2022,House,Arizona,District 4,2022-11-08,Kelly Cooper,rep,1,2022-08-15,0.4588235294117647,Stanton,Cooper,y,n,NA
2022,House,Washington,District 8,2022-11-08,Kim Schrier,dem,1,2022-08-15,0.5222222222222223,Schrier,Larkin,y,n,NA
2022,House,Washington,District 8,2022-11-08,Matt Larkin,rep,1,2022-08-15,0.4777777777777778,Schrier,Larkin,y,n,NA
2022,House,Pennsylvania,District 10,2022-11-08,Shamaine Daniels,dem,1,2022-08-10,0.5176470588235295,Daniels,Perry,n,y,NA
2022,House,Pennsylvania,District 10,2022-11-08,Scott Perry,rep,1,2022-08-10,0.4823529411764706,Daniels,Perry,n,y,NA
2022,House,Maryland,District 6,2022-11-08,David J. Trone,dem,1,2022-08-09,0.48863636363636365,Trone,Parrott,y,n,NA
2022,House,Maryland,District 6,2022-11-08,Neil C. Parrott,rep,1,2022-08-09,0.5113636363636364,Trone,Parrott,y,n,NA
2022,House,Pennsylvania,District 8,2022-11-08,Matt Cartwright,dem,2,2022-08-09,0.5125588697017267,Cartwright,Bognet,y,n,NA
2022,House,Pennsylvania,District 8,2022-11-08,Jim Bognet,rep,2,2022-08-09,0.487441130298273,Cartwright,Bognet,y,n,NA
2022,House,Nevada,District 4,2022-11-08,Steven A. Horsford,dem,2,2022-08-08,0.5093283582089552,Horsford,Peters,y,n,NA
2022,House,Nevada,District 4,2022-11-08,Sam Peters,rep,2,2022-08-08,0.49067164179104467,Horsford,Peters,y,n,NA
2022,House,California,District 13,2022-11-08,Adam Gray,dem,2,2022-08-07,0.511111111111111,Gray,Duarte,n,n,NA
2022,House,California,District 13,2022-11-08,John Duarte,rep,2,2022-08-07,0.4888888888888888,Gray,Duarte,n,n,NA
2022,House,Nebraska,District 2,2022-11-08,Tony Vargas,dem,5,2022-08-07,0.4878741788285535,Vargas,Bacon,n,y,NA
2022,House,Nebraska,District 2,2022-11-08,Don Bacon,rep,5,2022-08-07,0.5121258211714466,Vargas,Bacon,n,y,NA
2022,House,Virginia,District 7,2022-11-08,Abigail A. Spanberger,dem,1,2022-08-06,0.5287356321839081,Spanberger,Vega,y,n,NA
2022,House,Virginia,District 7,2022-11-08,Yesli I. Vega,rep,1,2022-08-06,0.47126436781609193,Spanberger,Vega,y,n,NA
2022,House,Pennsylvania,District 7,2022-11-08,Susan Wild,dem,1,2022-08-05,0.4777777777777778,Wild,Scheller,y,n,NA
2022,House,Pennsylvania,District 7,2022-11-08,Lisa Scheller,rep,1,2022-08-05,0.5222222222222223,Wild,Scheller,y,n,NA
2022,House,California,District 22,2022-11-08,Rudy Salas,dem,2,2022-08-05,0.5427643133122585,Salas,Valadao,n,y,NA
2022,House,California,District 22,2022-11-08,David G. Valadao,rep,2,2022-08-05,0.4572356866877413,Salas,Valadao,n,y,NA
2022,House,Iowa,District 3,2022-11-08,Cindy Axne,dem,2,2022-08-05,0.47777777777777786,Axne,Nunn,y,n,NA
2022,House,Iowa,District 3,2022-11-08,Zach Nunn,rep,2,2022-08-05,0.5222222222222221,Axne,Nunn,y,n,NA
2022,House,Michigan,District 8,2022-11-08,Daniel T. Kildee,dem,1,2022-08-04,0.5180722891566265,Kildee,Junge,y,n,NA
2022,House,Michigan,District 8,2022-11-08,Paul Junge,rep,1,2022-08-04,0.4819277108433735,Kildee,Junge,y,n,NA
2022,House,Colorado,District 8,2022-11-08,Yadira Caraveo,dem,2,2022-08-02,0.46918604651162776,Caraveo,Kirkmeyer,n,n,NA
2022,House,Colorado,District 8,2022-11-08,Barbara Kirkmeyer,rep,2,2022-08-02,0.530813953488372,Caraveo,Kirkmeyer,n,n,NA
2022,House,Minnesota,District 3,2022-11-08,Dean Phillips,dem,1,2022-08-01,0.6129032258064516,Phillips,Weiler,y,n,NA
2022,House,Minnesota,District 3,2022-11-08,Tom Weiler,rep,1,2022-08-01,0.3870967741935484,Phillips,Weiler,y,n,NA
2022,House,Texas,District 34,2022-11-08,Vicente Gonzalez,dem,1,2022-08-01,0.5222222222222223,Gonzalez,Flores,n,y,NA
2022,House,Texas,District 34,2022-11-08,Mayra Flores,rep,1,2022-08-01,0.4777777777777778,Gonzalez,Flores,n,y,NA
2022,House,Illinois,District 8,2022-11-08,Raja Krishnamoorthi,dem,1,2022-07-31,0.5357142857142857,Krishnamoorthi,Dargis,y,n,NA
2022,House,Illinois,District 8,2022-11-08,Chris Dargis,rep,1,2022-07-31,0.46428571428571425,Krishnamoorthi,Dargis,y,n,NA
2022,House,New York,District 2,2022-11-08,Jackie Gordon,dem,1,2022-07-31,0.4948453608247423,Gordon,Garbarino,n,y,NA
2022,House,New York,District 2,2022-11-08,Andrew R. Garbarino,rep,1,2022-07-31,0.5051546391752577,Gordon,Garbarino,n,y,NA
2022,House,Colorado,District 7,2022-11-08,Brittany Pettersen,dem,2,2022-07-30,0.5146374829001367,Pettersen,Aadland,y,n,NA
2022,House,Colorado,District 7,2022-11-08,Erik Aadland,rep,2,2022-07-30,0.48536251709986306,Pettersen,Aadland,y,n,NA
2022,House,Texas,District 23,2022-11-08,John Lira,dem,1,2022-07-29,0.3823529411764706,Lira,Gonzales,n,y,NA
2022,House,Texas,District 23,2022-11-08,Tony Gonzales,rep,1,2022-07-29,0.6176470588235294,Lira,Gonzales,n,y,NA
2022,House,Nevada,District 3,2022-11-08,Susie Lee,dem,3,2022-07-29,0.4947084218827272,Lee,Becker,y,n,NA
2022,House,Nevada,District 3,2022-11-08,April Becker,rep,3,2022-07-29,0.505291578117273,Lee,Becker,y,n,NA
2022,House,New Jersey,District 3,2022-11-08,Andy Kim,dem,1,2022-07-29,0.5365853658536585,Kim,Healey,y,n,NA
2022,House,New Jersey,District 3,2022-11-08,Bob Healey,rep,1,2022-07-29,0.46341463414634143,Kim,Healey,y,n,NA
2022,House,Pennsylvania,District 1,2022-11-08,Ashley Ehasz,dem,2,2022-07-29,0.4561883899233296,Ehasz,Fitzpatrick,n,y,NA
2022,House,Pennsylvania,District 1,2022-11-08,Brian Fitzpatrick,rep,2,2022-07-29,0.5438116100766702,Ehasz,Fitzpatrick,n,y,NA
2022,House,Texas,District 15,2022-11-08,Michelle Vallejo,dem,1,2022-07-29,0.47619047619047616,Vallejo,De La Cruz,n,n,NA
2022,House,Texas,District 15,2022-11-08,Monica De La Cruz,rep,1,2022-07-29,0.5238095238095237,Vallejo,De La Cruz,n,n,NA
2022,House,Oregon,District 4,2022-11-08,Val Hoyle,dem,2,2022-07-28,0.5171150688392068,Hoyle,Skarlatos,n,n,NA
2022,House,Oregon,District 4,2022-11-08,Alek Skarlatos,rep,2,2022-07-28,0.4828849311607931,Hoyle,Skarlatos,n,n,NA
2022,House,New Jersey,District 7,2022-11-08,Tom Malinowski,dem,2,2022-07-28,0.4761904761904761,Malinowski,Kean,y,n,NA
2022,House,New Jersey,District 7,2022-11-08,Thomas H. Kean Jr.,rep,2,2022-07-28,0.5238095238095237,Malinowski,Kean,y,n,NA
2022,House,Illinois,District 13,2022-11-08,Nikki Budzinski,dem,1,2022-07-28,0.52,Budzinski,Deering,n,n,NA
2022,House,Illinois,District 13,2022-11-08,Regan Deering,rep,1,2022-07-28,0.48,Budzinski,Deering,n,n,NA
2022,House,Kansas,District 3,2022-11-08,Sharice Davids,dem,1,2022-07-28,0.4945054945054945,Davids,Adkins,y,n,NA
2022,House,Kansas,District 3,2022-11-08,Amanda L. Adkins,rep,1,2022-07-28,0.5054945054945055,Davids,Adkins,y,n,NA
2022,House,Florida,District 27,2022-11-08,Annette Taddeo,dem,2,2022-07-27,0.4774419297200713,Taddeo,Salazar,n,y,NA
2022,House,Florida,District 27,2022-11-08,Mar√≠a Elvira Salazar,rep,2,2022-07-27,0.5225580702799286,Taddeo,Salazar,n,y,NA
2022,House,Connecticut,District 5,2022-11-08,Jahana Hayes,dem,3,2022-07-26,0.5258387066629288,Hayes,Logan,y,n,NA
2022,House,Connecticut,District 5,2022-11-08,George Logan,rep,3,2022-07-26,0.47416129333707135,Hayes,Logan,y,n,NA
2022,House,California,District 9,2022-11-08,Josh Harder,dem,1,2022-07-26,0.5,Harder,Patti,y,n,NA
2022,House,California,District 9,2022-11-08,Tom Patti,rep,1,2022-07-26,0.5,Harder,Patti,y,n,NA
2022,House,Minnesota,District 2,2022-11-08,Angie Craig,dem,2,2022-07-26,0.5171764581095951,Craig,Kistner,y,n,NA
2022,House,Minnesota,District 2,2022-11-08,Tyler Kistner,rep,2,2022-07-26,0.4828235418904048,Craig,Kistner,y,n,NA
2022,House,Colorado,District 3,2022-11-08,Adam Frisch,dem,1,2022-07-25,0.46153846153846156,Frisch,Boebert,n,y,NA
2022,House,Colorado,District 3,2022-11-08,Lauren Boebert,rep,1,2022-07-25,0.5384615384615385,Frisch,Boebert,n,y,NA
2022,House,Alaska,District 1,2022-11-08,Mary S. Peltola,dem,6,2022-07-25,0.5499840875129427,Peltola,Begich,y,n,x
2022,House,Alaska,District 1,2022-11-08,Nick Begich,rep,6,2022-07-25,0.4500159124870575,Peltola,Begich,y,n,x
2022,House,New Mexico,District 2,2022-11-08,Gabriel Vasquez,dem,1,2022-07-25,0.5056179775280899,Vasquez,Herrell,n,y,NA
2022,House,New Mexico,District 2,2022-11-08,Yvette Herrell,rep,1,2022-07-25,0.4943820224719101,Vasquez,Herrell,n,y,NA
2022,House,Pennsylvania,District 17,2022-11-08,Chris Deluzio,dem,3,2022-07-21,0.5078431372549019,Deluzio,Shaffer,n,n,NA
2022,House,Pennsylvania,District 17,2022-11-08,Jeremy Shaffer,rep,3,2022-07-21,0.49215686274509807,Deluzio,Shaffer,n,n,NA
2022,House,Iowa,District 2,2022-11-08,Liz Mathis,dem,2,2022-07-20,0.4970588235294116,Mathis,Hinson,n,y,NA
2022,House,Iowa,District 2,2022-11-08,Ashley Hinson,rep,2,2022-07-20,0.5029411764705882,Mathis,Hinson,n,y,NA
2022,House,California,District 40,2022-11-08,Asif Mahmood,dem,1,2022-07-20,0.4069767441860465,Mahmood,Kim,n,y,NA
2022,House,California,District 40,2022-11-08,Young Kim,rep,1,2022-07-20,0.5930232558139535,Mahmood,Kim,n,y,NA
2022,House,New Jersey,District 1,2022-11-08,Donald W. Norcross,dem,1,2022-07-19,0.5268817204301075,Norcross,Gustafson,y,n,NA
2022,House,New Jersey,District 1,2022-11-08,Claire Gustafson,rep,1,2022-07-19,0.4731182795698925,Norcross,Gustafson,y,n,NA
2022,House,New York,District 3,2022-11-08,Joshua Alexander Lafazan,dem,1,2022-07-12,0.4285714285714286,Lafazan,Santos,n,n,NA
2022,House,New York,District 3,2022-11-08,George A.D. Santos,rep,1,2022-07-12,0.5714285714285714,Lafazan,Santos,n,n,NA
2022,House,Nevada,District 1,2022-11-08,Dina Titus,dem,1,2022-07-10,0.5282776349614396,Titus,Robertson,y,n,NA
2022,House,Nevada,District 1,2022-11-08,Mark Robertson,rep,1,2022-07-10,0.47172236503856046,Titus,Robertson,y,n,NA
2022,House,Nevada,District 2,2022-11-08,Elizabeth Mercedes Krause,dem,1,2022-07-10,0.4362089914945322,Krause,Amodei,n,y,NA
2022,House,Nevada,District 2,2022-11-08,Mark E. Amodei,rep,1,2022-07-10,0.5637910085054678,Krause,Amodei,n,y,NA
2022,House,Iowa,District 1,2022-11-08,Christina Bohannan,dem,2,2022-07-04,0.4938120702826584,Bohannan,Miller-Meeks,n,y,NA
2022,House,Iowa,District 1,2022-11-08,Mariannette Miller-Meeks,rep,2,2022-07-04,0.5061879297173415,Bohannan,Miller-Meeks,n,y,NA
2022,House,Ohio,District 9,2022-11-08,Marcy Kaptur,dem,1,2022-06-30,0.5292792792792793,Kaptur,Majewski,y,n,NA
2022,House,Ohio,District 9,2022-11-08,J.R. Majewski,rep,1,2022-06-30,0.47072072072072074,Kaptur,Majewski,y,n,NA
2022,House,Florida,District 13,2022-11-08,Eric Lynn,dem,2,2022-06-28,0.47790404040404033,Lynn,Paulina Luna,n,n,NA
2022,House,Florida,District 13,2022-11-08,Anna Paulina Luna,rep,2,2022-06-28,0.5220959595959596,Lynn,Paulina Luna,n,n,NA
2022,House,New York,District 11,2022-11-08,Max N. Rose,dem,1,2022-06-26,0.41379310344827586,Rose,Malliotakis,n,y,NA
2022,House,New York,District 11,2022-11-08,Nicole Malliotakis,rep,1,2022-06-26,0.5862068965517242,Rose,Malliotakis,n,y,NA
2022,House,Florida,District 2,2022-11-08,Al Lawson,dem,1,2022-06-23,0.4819277108433735,Lawson,Dunn,y,y,NA
2022,House,Florida,District 2,2022-11-08,Neal Dunn,rep,1,2022-06-23,0.5180722891566265,Lawson,Dunn,y,y,NA
2022,House,Rhode Island,District 2,2022-11-08,Seth M. Magaziner,dem,1,2022-06-22,0.46171360095865793,Magaziner,Fung,n,n,x
2022,House,Rhode Island,District 2,2022-11-08,Allan W. Fung,rep,1,2022-06-22,0.5382863990413421,Magaziner,Fung,n,n,x
2022,House,Michigan,District 7,2022-11-08,Elissa Slotkin,dem,2,2022-06-16,0.513302600259122,Slotkin,Barrett,y,n,NA
2022,House,Michigan,District 7,2022-11-08,Tom Barrett,rep,2,2022-06-16,0.4866973997408779,Slotkin,Barrett,y,n,NA
2022,House,North Carolina,District 6,2022-11-08,Kathy Manning,dem,1,2022-06-06,0.5517241379310345,Manning,Castelli,y,n,NA
2022,House,North Carolina,District 6,2022-11-08,Christian Castelli,rep,1,2022-06-06,0.4482758620689655,Manning,Castelli,y,n,NA
2022,House,North Carolina,District 1,2022-11-08,Don Davis,dem,1,2022-06-06,0.5357142857142857,Davis,Smith,n,n,NA
2022,House,North Carolina,District 1,2022-11-08,Sandy Smith,rep,1,2022-06-06,0.46428571428571425,Davis,Smith,n,n,NA
2022,House,Ohio,District 13,2022-11-08,Emilia Sykes,dem,2,2022-05-31,0.47832634887375586,Sykes,Gilbert,n,n,NA
2022,House,Ohio,District 13,2022-11-08,Madison Gesiotto Gilbert,rep,2,2022-05-31,0.5216736511262441,Sykes,Gilbert,n,n,NA
2022,House,Michigan,District 3,2022-11-08,Hillary Scholten,dem,1,2022-05-26,0.5569620253164557,Scholten,Gibbs,n,n,NA
2022,House,Michigan,District 3,2022-11-08,John Gibbs,rep,1,2022-05-26,0.4430379746835443,Scholten,Gibbs,n,n,NA
2022,House,Indiana,District 1,2022-11-08,Frank J. Mrvan,dem,1,2022-05-20,0.5402298850574713,Mrvan,Green,y,n,NA
2022,House,Indiana,District 1,2022-11-08,Jennifer-Ruth Green,rep,1,2022-05-20,0.4597701149425288,Mrvan,Green,y,n,NA
2022,House,North Carolina,District 11,2022-11-08,Jasmine Beach-Ferrara,dem,1,2022-05-20,0.46511627906976744,Beach-Ferrara,Edwards,n,y,NA
2022,House,North Carolina,District 11,2022-11-08,Chuck Edwards,rep,1,2022-05-20,0.5348837209302325,Beach-Ferrara,Edwards,n,y,NA
2022,House,Ohio,District 1,2022-11-08,Greg Landsman,dem,1,2022-05-15,0.5,Landsman,Chabot,n,y,NA
2022,House,Ohio,District 1,2022-11-08,Steve Chabot,rep,1,2022-05-15,0.5,Landsman,Chabot,n,y,NA
2022,House,Maine,District 1,2022-11-08,Chellie M. Pingree,dem,2,2022-05-13,0.628331308221952,Pingree,Thelander,y,n,NA
2022,House,Maine,District 1,2022-11-08,Edwin Thelander,rep,2,2022-05-13,0.37166869177804784,Pingree,Thelander,y,n,NA
2022,House,Maine,District 2,2022-11-08,Jared Forrest Golden,dem,2,2022-05-13,0.5460509864308183,Golden,Poliquin,y,n,NA
2022,House,Maine,District 2,2022-11-08,Bruce Poliquin,rep,2,2022-05-13,0.45394901356918177,Golden,Poliquin,y,n,NA
2022,House,Virginia,District 2,2022-11-08,Elaine G. Luria,dem,1,2022-04-15,0.5342465753424658,Luria,Kiggans,y,n,NA
2022,House,Virginia,District 2,2022-11-08,Jen A. Kiggans,rep,1,2022-04-15,0.4657534246575343,Luria,Kiggans,y,n,NA
2022,House,Florida,District 1,2022-11-08,Rebekah Jones,dem,1,2022-03-08,0.528,Jones,Gaetz,n,y,NA
2022,House,Florida,District 1,2022-11-08,Matt Gaetz,rep,1,2022-03-08,0.47200000000000003,Jones,Gaetz,n,y,NA
2022,House,California,District 41,2022-11-08,Will Rollins,dem,1,2022-03-03,0.5060240963855421,Rollins,Calvert,n,y,NA
2022,House,California,District 41,2022-11-08,Ken Calvert,rep,1,2022-03-03,0.4939759036144578,Rollins,Calvert,n,y,NA
2022,Governor,Nevada,Governor,2022-11-08,Steve Sisolak,dem,16,2022-09-10,0.4985686042236714,Sisolak,Lombardo,y,n,NA
2022,Governor,Nevada,Governor,2022-11-08,Joe Lombardo,rep,16,2022-09-10,0.5014313957763293,Sisolak,Lombardo,y,n,NA
2022,Governor,New York,Governor,2022-11-08,Kathy C. Hochul,dem,21,2022-09-09,0.557119040871611,Hochul,Zeldin,y,n,NA
2022,Governor,New York,Governor,2022-11-08,Lee M. Zeldin,rep,21,2022-09-09,0.4428809591283889,Hochul,Zeldin,y,n,NA
2022,Governor,Connecticut,Governor,2022-11-08,Edward Lamont,dem,4,2022-09-09,0.5475293901013822,Lamont,Stefanowski,y,n,NA
2022,Governor,Connecticut,Governor,2022-11-08,Robert Stefanowski,rep,4,2022-09-09,0.45247060989861687,Lamont,Stefanowski,y,n,NA
2022,Governor,Massachusetts,Governor,2022-11-08,Maura Healey,dem,6,2022-09-08,0.6058342551954073,Healey,Diehl,n,n,x
2022,Governor,Massachusetts,Governor,2022-11-08,Geoff Diehl,rep,6,2022-09-08,0.3941657448045932,Healey,Diehl,n,n,x
2022,Governor,Georgia,Governor,2022-11-08,Stacey Abrams,dem,26,2022-09-07,0.47883493135066446,Abrams,Kemp,n,y,NA
2022,Governor,Georgia,Governor,2022-11-08,Brian Kemp,rep,26,2022-09-07,0.5211650686493363,Abrams,Kemp,n,y,NA
2022,Governor,Arizona,Governor,2022-11-08,Katie Hobbs,dem,11,2022-09-07,0.5188380059721502,Hobbs,Lake,n,n,NA
2022,Governor,Arizona,Governor,2022-11-08,Kari Lake,rep,11,2022-09-07,0.48116199402784987,Hobbs,Lake,n,n,NA
2022,Governor,Ohio,Governor,2022-11-08,Nan Whaley,dem,6,2022-09-07,0.40738190165518906,Whaley,DeWine,n,y,NA
2022,Governor,Ohio,Governor,2022-11-08,Mike DeWine,rep,6,2022-09-07,0.5926180983448109,Whaley,DeWine,n,y,NA
2022,Governor,Vermont,Governor,2022-11-08,Brenda Siegel,dem,2,2022-09-07,0.1973209196275888,Siegel,Scott,n,y,NA
2022,Governor,Vermont,Governor,2022-11-08,Phil Scott,rep,2,2022-09-07,0.8026790803724111,Siegel,Scott,n,y,NA
2022,Governor,Oklahoma,Governor,2022-11-08,Joy Hofmeister,dem,6,2022-09-07,0.44490867928367933,Hofmeister,Stitt,n,y,NA
2022,Governor,Oklahoma,Governor,2022-11-08,Kevin Stitt,rep,6,2022-09-07,0.5550913207163206,Hofmeister,Stitt,n,y,NA
2022,Governor,Florida,Governor,2022-11-08,Charlie Crist,dem,17,2022-09-07,0.46371615322697024,Crist,DeSantis,n,y,NA
2022,Governor,Florida,Governor,2022-11-08,Ron DeSantis,rep,17,2022-09-07,0.5362838467730302,Crist,DeSantis,n,y,NA
2022,Governor,Kansas,Governor,2022-11-08,Laura Kelly,dem,3,2022-09-07,0.509403307665605,Kelly,Schmidt,y,n,NA
2022,Governor,Kansas,Governor,2022-11-08,Derek Schmidt,rep,3,2022-09-07,0.49059669233439507,Kelly,Schmidt,y,n,NA
2022,Governor,Pennsylvania,Governor,2022-11-08,Josh Shapiro,dem,14,2022-09-07,0.5724260606693693,Shapiro,Mastriano,n,n,NA
2022,Governor,Pennsylvania,Governor,2022-11-08,Douglas V. Mastriano,rep,14,2022-09-07,0.42757393933063187,Shapiro,Mastriano,n,n,NA
2022,Governor,South Carolina,Governor,2022-11-08,Joe Cunningham,dem,4,2022-09-07,0.4714116686770282,Cunningham,McMaster,n,y,NA
2022,Governor,South Carolina,Governor,2022-11-08,Henry McMaster,rep,4,2022-09-07,0.5285883313229789,Cunningham,McMaster,n,y,NA
2022,Governor,Arkansas,Governor,2022-11-08,Chris Jones,dem,2,2022-09-07,0.33300346363186545,Jones,Sanders,n,n,NA
2022,Governor,Arkansas,Governor,2022-11-08,Sarah Huckabee Sanders,rep,2,2022-09-07,0.6669965363681345,Jones,Sanders,n,n,NA
2022,Governor,Rhode Island,Governor,2022-11-08,Daniel J. McKee,dem,1,2022-09-07,0.6455696202531646,McKee,Kalus,y,n,x
2022,Governor,Rhode Island,Governor,2022-11-08,Ashley Kalus,rep,1,2022-09-07,0.35443037974683544,McKee,Kalus,y,n,x
2022,Governor,Texas,Governor,2022-11-08,Beto O'Rourke,dem,21,2022-09-07,0.47969623029326597,O'Rourke,Abbott,n,y,NA
2022,Governor,Texas,Governor,2022-11-08,Greg Abbott,rep,21,2022-09-07,0.5203037697067341,O'Rourke,Abbott,n,y,NA
2022,Governor,Minnesota,Governor,2022-11-08,Tim Walz,dem,6,2022-09-04,0.6148123204116874,Walz,Jensen,y,n,NA
2022,Governor,Minnesota,Governor,2022-11-08,Scott Jensen,rep,6,2022-09-04,0.3851876795883124,Walz,Jensen,y,n,NA
2022,Governor,Illinois,Governor,2022-11-08,J.B. Pritzker,dem,5,2022-09-01,0.5556314098881625,Pritzker,Bailey,y,n,NA
2022,Governor,Illinois,Governor,2022-11-08,Darren Bailey,rep,5,2022-09-01,0.4443685901118375,Pritzker,Bailey,y,n,NA
2022,Governor,Michigan,Governor,2022-11-08,Gretchen Whitmer,dem,8,2022-09-01,0.5675201173374856,Whitmer,Dixon,y,n,NA
2022,Governor,Michigan,Governor,2022-11-08,Tudor M. Dixon,rep,8,2022-09-01,0.4324798826625151,Whitmer,Dixon,y,n,NA
2022,Governor,Wisconsin,Governor,2022-11-08,Tony Evers,dem,5,2022-08-25,0.5044693216722784,Evers,Michels,y,n,NA
2022,Governor,Wisconsin,Governor,2022-11-08,Tim Michels,rep,5,2022-08-25,0.49553067832772335,Evers,Michels,y,n,NA
2022,Governor,New Mexico,Governor,2022-11-08,Michelle Lujan Grisham,dem,5,2022-08-25,0.5319395835811034,Lujan Grisham,Ronchetti,y,n,NA
2022,Governor,New Mexico,Governor,2022-11-08,Mark V. Ronchetti,rep,5,2022-08-25,0.4680604164188962,Lujan Grisham,Ronchetti,y,n,NA
2022,Governor,Colorado,Governor,2022-11-08,Jared Polis,dem,5,2022-08-22,0.5489437420439538,Polis,Ganahl,y,n,NA
2022,Governor,Colorado,Governor,2022-11-08,Heidi Ganahl,rep,5,2022-08-22,0.4510562579560471,Polis,Ganahl,y,n,NA
2022,Governor,California,Governor,2022-11-08,Gavin Newsom,dem,2,2022-08-15,0.6574297795228028,Newsom,Dahle,y,n,NA
2022,Governor,California,Governor,2022-11-08,Brian Dahle,rep,2,2022-08-15,0.34257022047719715,Newsom,Dahle,y,n,NA
2022,Governor,Oregon,Governor,2022-11-08,Tina Kotek,dem,4,2022-08-14,0.5162198140424177,Kotek,Drazan,n,n,NA
2022,Governor,Oregon,Governor,2022-11-08,Christine Drazan,rep,4,2022-08-14,0.4837801859575822,Kotek,Drazan,n,n,NA
2022,Governor,New Hampshire,Governor,2022-11-08,Tom Sherman,dem,6,2022-08-11,0.3766233766233765,Sherman,Sununu,n,y,x
2022,Governor,New Hampshire,Governor,2022-11-08,Chris Sununu,rep,6,2022-08-11,0.6233766233766231,Sherman,Sununu,n,y,x
2022,Governor,Alaska,Governor,2022-11-08,Mike Dunleavy,rep,4,2022-07-24,0.5927279036224959,Walker,Dunleavy,n,y,NA
2022,Governor,Alaska,Governor,2022-11-08,Bill Walker,ind,4,2022-07-24,0.40727209637750406,Walker,Dunleavy,n,y,NA
2022,Governor,Iowa,Governor,2022-11-08,Deidre DeJear,dem,4,2022-07-14,0.4096544003885465,DeJear,Reynolds,n,y,NA
2022,Governor,Iowa,Governor,2022-11-08,Kim Reynolds,rep,4,2022-07-14,0.5903455996114535,DeJear,Reynolds,n,y,NA
2022,Governor,Maine,Governor,2022-11-08,Janet T. Mills,dem,3,2022-05-13,0.5222714123057766,Mills,LePage,y,n,NA
2022,Governor,Maine,Governor,2022-11-08,Paul R. LePage,rep,3,2022-05-13,0.4777285876942235,Mills,LePage,y,n,NA
2022,Senate,Nevada,Class III,2022-11-08,Catherine Cortez Masto,dem,15,2022-09-10,0.5054011574258919,Cortez Masto,Laxalt,y,n,NA
2022,Senate,Nevada,Class III,2022-11-08,Adam Paul Laxalt,rep,15,2022-09-10,0.49459884257410813,Cortez Masto,Laxalt,y,n,NA
2022,Senate,North Carolina,Class III,2022-11-08,Cheri Beasley,dem,16,2022-09-10,0.48689079686494435,Beasley,Budd,n,n,NA
2022,Senate,North Carolina,Class III,2022-11-08,Ted Budd,rep,16,2022-09-10,0.5131092031350553,Beasley,Budd,n,n,NA
2022,Senate,Iowa,Class III,2022-11-08,Michael Franken,dem,5,2022-09-08,0.4643212056051653,Franken,Grassley,n,y,NA
2022,Senate,Iowa,Class III,2022-11-08,Chuck Grassley,rep,5,2022-09-08,0.5356787943948351,Franken,Grassley,n,y,NA
2022,Senate,Washington,Class III,2022-11-08,Patty Murray,dem,8,2022-09-07,0.5306819712574478,Murray,Smiley,y,n,NA
2022,Senate,Washington,Class III,2022-11-08,Tiffany Smiley,rep,8,2022-09-07,0.4693180287425529,Murray,Smiley,y,n,NA
2022,Senate,Georgia,Class III,2022-11-08,Raphael Warnock,dem,26,2022-09-07,0.5047401304084832,Warnock,Walker,y,n,NA
2022,Senate,Georgia,Class III,2022-11-08,Herschel Junior Walker,rep,26,2022-09-07,0.4952598695915169,Warnock,Walker,y,n,NA
2022,Senate,Arizona,Class III,2022-11-08,Mark Kelly,dem,15,2022-09-07,0.5394335382978015,Kelly,Masters,y,n,NA
2022,Senate,Arizona,Class III,2022-11-08,Blake Masters,rep,15,2022-09-07,0.4605664617021985,Kelly,Masters,y,n,NA
2022,Senate,Ohio,Class III,2022-11-08,Tim Ryan,dem,20,2022-09-07,0.5272721515427421,Ryan,Vance,n,n,NA
2022,Senate,Ohio,Class III,2022-11-08,J.D. Vance,rep,20,2022-09-07,0.47272784845725774,Ryan,Vance,n,n,NA
2022,Senate,Vermont,Class III,2022-11-08,Peter Welch,dem,1,2022-09-07,0.5349838536060281,Welch,Malloy,n,n,NA
2022,Senate,Vermont,Class III,2022-11-08,Gerald Malloy,rep,1,2022-09-07,0.46501614639397204,Welch,Malloy,n,n,NA
2022,Senate,Florida,Class III,2022-11-08,Val Demings,dem,24,2022-09-07,0.48551798848708316,Demings,Rubio,n,y,NA
2022,Senate,Florida,Class III,2022-11-08,Marco Rubio,rep,24,2022-09-07,0.5144820115129173,Demings,Rubio,n,y,NA
2022,Senate,Kansas,Class III,2022-11-08,Mark R. Holland,dem,2,2022-09-07,0.39175116470265814,Holland,Moran,n,y,NA
2022,Senate,Kansas,Class III,2022-11-08,Jerry Moran,rep,2,2022-09-07,0.6082488352973416,Holland,Moran,n,y,NA
2022,Senate,Louisiana,Class III,2022-11-08,Gary Chambers,dem,2,2022-09-07,0.22388059701492538,Chambers,Kennedy,n,y,NA
2022,Senate,Louisiana,Class III,2022-11-08,John Kennedy,rep,2,2022-09-07,0.7761194029850744,Chambers,Kennedy,n,y,NA
2022,Senate,Oklahoma,Class III,2022-11-08,Madison Horn,dem,1,2022-09-07,0.3295454545454546,M. Horn,Lankford,n,y,NA
2022,Senate,Oklahoma,Class III,2022-11-08,James Lankford,rep,1,2022-09-07,0.6704545454545455,M. Horn,Lankford,n,y,NA
2022,Senate,Oklahoma,Class II,2022-11-08,Kendra Horn,dem,1,2022-09-07,0.32558139534883723,K. Horn,Mullin,n,n,NA
2022,Senate,Oklahoma,Class II,2022-11-08,Markwayne Mullin,rep,1,2022-09-07,0.6744186046511628,K. Horn,Mullin,n,n,NA
2022,Senate,Pennsylvania,Class III,2022-11-08,John Fetterman,dem,19,2022-09-07,0.565499575511284,Fetterman,Oz,n,n,NA
2022,Senate,Pennsylvania,Class III,2022-11-08,Mehmet Oz,rep,19,2022-09-07,0.4345004244887161,Fetterman,Oz,n,n,NA
2022,Senate,South Carolina,Class III,2022-11-08,Krystle Matthews,dem,2,2022-09-07,0.3557357276869473,Matthews,Scott,n,y,NA
2022,Senate,South Carolina,Class III,2022-11-08,Tim Scott,rep,2,2022-09-07,0.6442642723130527,Matthews,Scott,n,y,NA
2022,Senate,New York,Class III,2022-11-08,Charles E. Schumer,dem,4,2022-09-06,0.6314468649226299,Schumer,Pinion,y,n,NA
2022,Senate,New York,Class III,2022-11-08,Joe Pinion,rep,4,2022-09-06,0.3685531350773701,Schumer,Pinion,y,n,NA
2022,Senate,Utah,Class III,2022-11-08,Mike Lee,rep,17,2022-09-01,0.5229095959943035,McMullin,Lee,n,y,NA
2022,Senate,Utah,Class III,2022-11-08,Evan McMullin,ind,17,2022-09-01,0.4770904040056968,McMullin,Lee,n,y,NA
2022,Senate,Colorado,Class III,2022-11-08,Michael Bennet,dem,5,2022-08-31,0.5324070707759443,Bennet,O'Dea,y,n,NA
2022,Senate,Colorado,Class III,2022-11-08,Joe O'Dea,rep,5,2022-08-31,0.46759292922405926,Bennet,O'Dea,y,n,NA
2022,Senate,Illinois,Class III,2022-11-08,Tammy Duckworth,dem,2,2022-08-28,0.5922683714970193,Duckworth,Salvi,y,n,NA
2022,Senate,Illinois,Class III,2022-11-08,Kathy Salvi,rep,2,2022-08-28,0.40773162850298067,Duckworth,Salvi,y,n,NA
2022,Senate,Missouri,Class III,2022-11-08,Trudy Busch Valentine,dem,6,2022-08-25,0.4395604395604396,Busch Valentine,Schmitt,n,n,NA
2022,Senate,Missouri,Class III,2022-11-08,Eric Schmitt,rep,6,2022-08-25,0.5604395604395603,Busch Valentine,Schmitt,n,n,NA
2022,Senate,Wisconsin,Class III,2022-11-08,Mandela Barnes,dem,4,2022-08-25,0.5234885863649223,Barnes,Johnson,n,y,NA
2022,Senate,Wisconsin,Class III,2022-11-08,Ron Johnson,rep,4,2022-08-25,0.47651141363507765,Barnes,Johnson,n,y,NA
2022,Senate,Indiana,Class III,2022-11-08,Thomas McDermott,dem,1,2022-08-24,0.48275862068965514,McDermott,Young,n,y,NA
2022,Senate,Indiana,Class III,2022-11-08,Todd Young,rep,1,2022-08-24,0.5172413793103449,McDermott,Young,n,y,NA
2022,Senate,Connecticut,Class III,2022-11-08,Richard Blumenthal,dem,2,2022-07-27,0.5835849503212807,Blumenthal,Levy,y,n,NA
2022,Senate,Connecticut,Class III,2022-11-08,Leora R. Levy,rep,2,2022-07-27,0.4164150496787191,Blumenthal,Levy,y,n,NA
2022,Senate,New Hampshire,Class III,2022-11-08,Maggie Hassan,dem,7,2022-07-08,0.5331564160407317,Hassan,Bolduc,y,n,x
2022,Senate,New Hampshire,Class III,2022-11-08,Donald C. Bolduc,rep,7,2022-07-08,0.4668435839592682,Hassan,Bolduc,y,n,x
2022,Senate,Alaska,Class III,2022-11-08,Patricia R. Chesbro,dem,2,2022-07-05,0.29741057542768273,Chesbro,Tshibaka,n,n,x
2022,Senate,Alaska,Class III,2022-11-08,Kelly C. Tshibaka,rep,2,2022-07-05,0.7025894245723171,Chesbro,Tshibaka,n,n,x
2022,Senate,South Dakota,Class III,2022-11-08,Brian L. Bengs,dem,1,2022-03-19,0.2891566265060241,Bengs,Thune,n,y,NA
2022,Senate,South Dakota,Class III,2022-11-08,John R. Thune,rep,1,2022-03-19,0.7108433734939759,Bengs,Thune,n,y,NA
2022,Senate,Kentucky,Class III,2022-11-08,Charles Booker,dem,1,2022-01-22,0.4148936170212766,Booker,Paul,n,y,NA
2022,Senate,Kentucky,Class III,2022-11-08,Rand Paul,rep,1,2022-01-22,0.5851063829787234,Booker,Paul,n,y,NA
